{"cameraMode":{"drawMode":0,"name":"Shaded","section":"Shading Mode"},"sceneLighting":false,"audioPlay":false,"sceneViewState":{"showFog":true,"showMaterialUpdate":false,"showSkybox":false,"showFlares":true,"showImageEffects":true,"showParticleSystems":true},"in2DMode":false,"pivot":{"x":0.23180213570594788,"y":0.27205488085746767,"z":0.264699786901474},"rotation":{"x":0.09611201286315918,"y":-0.8740028738975525,"z":0.19287507236003877,"w":0.43552613258361819},"size":1.7289419174194337,"orthographic":false}