{"cameraMode":{"drawMode":0,"name":"Shaded","section":"Shading Mode"},"sceneLighting":true,"audioPlay":false,"sceneViewState":{"showFog":true,"showMaterialUpdate":false,"showSkybox":true,"showFlares":true,"showImageEffects":true,"showParticleSystems":true},"in2DMode":false,"pivot":{"x":4.5912370681762699,"y":0.04732833802700043,"z":1.8569145202636719},"rotation":{"x":0.3200524151325226,"y":0.06954961270093918,"z":-0.023566385731101037,"w":0.9445504546165466},"size":9.75013542175293,"orthographic":false}