{"cameraMode":{"drawMode":0,"name":"Shaded","section":"Shading Mode"},"sceneLighting":false,"audioPlay":false,"sceneViewState":{"showFog":true,"showMaterialUpdate":false,"showSkybox":false,"showFlares":true,"showImageEffects":true,"showParticleSystems":true},"in2DMode":false,"pivot":{"x":0.35781341791152956,"y":0.27215951681137087,"z":0.34471285343170168},"rotation":{"x":0.24508507549762727,"y":-0.28287720680236819,"z":0.07500885426998139,"w":0.9242774248123169},"size":2.2779440879821779,"orthographic":false}