{"cameraMode":{"drawMode":0,"name":"Shaded","section":"Shading Mode"},"sceneLighting":false,"audioPlay":false,"sceneViewState":{"showFog":true,"showMaterialUpdate":false,"showSkybox":false,"showFlares":true,"showImageEffects":true,"showParticleSystems":true},"in2DMode":false,"pivot":{"x":-0.2736383080482483,"y":0.853865385055542,"z":0.3685840368270874},"rotation":{"x":0.10978824645280838,"y":-0.8655407428741455,"z":0.21704809367656709,"w":0.4378119707107544},"size":2.928941488265991,"orthographic":false}