{"cameraMode":{"drawMode":0,"name":"Shaded","section":"Shading Mode"},"sceneLighting":false,"audioPlay":false,"sceneViewState":{"showFog":true,"showMaterialUpdate":false,"showSkybox":false,"showFlares":true,"showImageEffects":true,"showParticleSystems":true},"in2DMode":false,"pivot":{"x":0.12376608699560166,"y":0.07299499213695526,"z":-0.3041524887084961},"rotation":{"x":0.2914537787437439,"y":-0.113016277551651,"z":0.03469931334257126,"w":0.9492539167404175},"size":2.3369252681732179,"orthographic":true}