{"cameraMode":{"drawMode":0,"name":"Shaded","section":"Shading Mode"},"sceneLighting":false,"audioPlay":false,"sceneViewState":{"showFog":true,"showMaterialUpdate":false,"showSkybox":false,"showFlares":true,"showImageEffects":true,"showParticleSystems":true},"in2DMode":false,"pivot":{"x":-0.02221819758415222,"y":0.4600261449813843,"z":-0.2513941526412964},"rotation":{"x":0.35841062664985659,"y":0.17082826793193818,"z":-0.06688526272773743,"w":0.9153665900230408},"size":2.8057777881622316,"orthographic":false}