{"cameraMode":{"drawMode":0,"name":"Shaded","section":"Shading Mode"},"sceneLighting":false,"audioPlay":false,"sceneViewState":{"showFog":true,"showMaterialUpdate":false,"showSkybox":false,"showFlares":true,"showImageEffects":true,"showParticleSystems":true},"in2DMode":false,"pivot":{"x":2.9802322387695315e-8,"y":0.49999988079071047,"z":0.9999998807907105},"rotation":{"x":0.2374112606048584,"y":0.0014566852478310466,"z":-0.00035544761340133846,"w":0.9714123606681824},"size":4.573275566101074,"orthographic":false}