{"cameraMode":{"drawMode":0,"name":"Shaded","section":"Shading Mode"},"sceneLighting":false,"audioPlay":false,"sceneViewState":{"showFog":true,"showMaterialUpdate":false,"showSkybox":false,"showFlares":true,"showImageEffects":true,"showParticleSystems":true},"in2DMode":false,"pivot":{"x":-0.2135198563337326,"y":0.6256237626075745,"z":0.46718937158584597},"rotation":{"x":0.03371989354491234,"y":0.9367676973342896,"z":-0.09417810291051865,"w":0.3353760838508606},"size":1.8157577514648438,"orthographic":false}