{"cameraMode":{"drawMode":0,"name":"Shaded","section":"Shading Mode"},"sceneLighting":false,"audioPlay":false,"sceneViewState":{"showFog":true,"showMaterialUpdate":false,"showSkybox":false,"showFlares":true,"showImageEffects":true,"showParticleSystems":true},"in2DMode":false,"pivot":{"x":0.13416382670402528,"y":0.13378173112869264,"z":0.1316705048084259},"rotation":{"x":-0.1267770528793335,"y":0.8481548428535461,"z":-0.2350163608789444,"w":-0.45752769708633425},"size":7.025031089782715,"orthographic":false}