{"cameraMode":{"drawMode":0,"name":"Shaded","section":"Shading Mode"},"sceneLighting":false,"audioPlay":false,"sceneViewState":{"showFog":true,"showMaterialUpdate":false,"showSkybox":false,"showFlares":true,"showImageEffects":true,"showParticleSystems":true},"in2DMode":false,"pivot":{"x":0.0,"y":0.2499999701976776,"z":2.384185791015625e-7},"rotation":{"x":-0.3152589201927185,"y":0.10561341792345047,"z":-0.035328786820173267,"w":-0.9424487352371216},"size":4.4427618980407719,"orthographic":false}