{"cameraMode":{"drawMode":0,"name":"Shaded","section":"Shading Mode"},"sceneLighting":false,"audioPlay":false,"sceneViewState":{"showFog":true,"showMaterialUpdate":false,"showSkybox":false,"showFlares":true,"showImageEffects":true,"showParticleSystems":true},"in2DMode":false,"pivot":{"x":0.0,"y":0.6000000238418579,"z":0.22500000894069673},"rotation":{"x":0.07806166261434555,"y":-0.7141361236572266,"z":0.08068057894706726,"w":0.6909500360488892},"size":2.222911834716797,"orthographic":true}