{"cameraMode":{"drawMode":0,"name":"Shaded","section":"Shading Mode"},"sceneLighting":false,"audioPlay":false,"sceneViewState":{"showFog":true,"showMaterialUpdate":false,"showSkybox":false,"showFlares":true,"showImageEffects":true,"showParticleSystems":true},"in2DMode":false,"pivot":{"x":2.3728466033935549,"y":-0.8314881324768066,"z":-0.830021858215332},"rotation":{"x":0.10012241452932358,"y":-0.8986875414848328,"z":0.2765204608440399,"w":0.32539939880371096},"size":9.05604076385498,"orthographic":false}