{"cameraMode":{"drawMode":0,"name":"Shaded","section":"Shading Mode"},"sceneLighting":true,"audioPlay":false,"sceneViewState":{"showFog":true,"showMaterialUpdate":false,"showSkybox":true,"showFlares":true,"showImageEffects":true,"showParticleSystems":true},"in2DMode":false,"pivot":{"x":3.461426258087158,"y":26.585948944091798,"z":3.1177825927734377},"rotation":{"x":-0.06172914057970047,"y":0.03651955723762512,"z":-0.0022600162774324419,"w":-0.997422456741333},"size":98.07775115966797,"orthographic":false}