{"cameraMode":{"drawMode":0,"name":"Shaded","section":"Shading Mode"},"sceneLighting":false,"audioPlay":false,"sceneViewState":{"showFog":true,"showMaterialUpdate":false,"showSkybox":false,"showFlares":true,"showImageEffects":true,"showParticleSystems":true},"in2DMode":false,"pivot":{"x":0.0,"y":0.36249998211860659,"z":0.09104502201080322},"rotation":{"x":-0.0013559769140556455,"y":-0.9713242650032044,"z":0.23769991099834443,"w":-0.005540274083614349},"size":3.654093027114868,"orthographic":false}