{"cameraMode":{"drawMode":0,"name":"Shaded","section":"Shading Mode"},"sceneLighting":true,"audioPlay":false,"sceneViewState":{"showFog":true,"showMaterialUpdate":false,"showSkybox":true,"showFlares":true,"showImageEffects":true,"showParticleSystems":true},"in2DMode":false,"pivot":{"x":21.43326759338379,"y":0.2416284829378128,"z":-3.81219482421875},"rotation":{"x":-0.3606009781360626,"y":0.20107263326644898,"z":-0.07991701364517212,"w":-0.9072776436805725},"size":41.46892547607422,"orthographic":false}